model,ticker,accuracy,precision,sharpe,max_drawdown,total_return,buy_hold_return,n_trades
lgbm,AAPL,0.5633802816901409,0.5706051873198847,0.9012724333132064,-0.3022258100973167,0.43103088004117796,0.44350582976301167,347
lstm,AAPL,0.5516431924882629,0.5516431924882629,0.8678479577724598,-0.3022258100973167,0.44350582976301167,0.44350582976301167,426
tcn,AAPL,0.44835680751173707,0.0,0.0,0.0,0.0,0.44350582976301167,0
patchtst,AAPL,0.5516431924882629,0.5516431924882629,0.8678479577724598,-0.3022258100973167,0.44350582976301167,0.44350582976301167,426
tft,AAPL,0.5516431924882629,0.5516431924882629,0.8678479577724598,-0.3022258100973167,0.44350582976301167,0.44350582976301167,426
lgbm,GOOGL,0.5892018779342723,0.6215139442231076,1.7247060433338373,-0.2980587068745099,1.0069115527454464,0.8028867524822005,251
lstm,GOOGL,0.5539906103286385,0.5539906103286385,1.231442843853719,-0.2980587068745099,0.8028867524822005,0.8028867524822005,426
tcn,GOOGL,0.4460093896713615,0.0,0.0,0.0,0.0,0.8028867524822005,0
patchtst,GOOGL,0.5539906103286385,0.5539906103286385,1.231442843853719,-0.2980587068745099,0.8028867524822005,0.8028867524822005,426
tft,GOOGL,0.5539906103286385,0.5539906103286385,1.231442843853719,-0.2980587068745099,0.8028867524822005,0.8028867524822005,426
lgbm,MSFT,0.44835680751173707,0.0,0.0,0.0,0.0,0.2099651860543097,0
lstm,MSFT,0.5516431924882629,0.5516431924882629,0.5220149332110509,-0.34498390132229106,0.2099651860543097,0.2099651860543097,426
tcn,MSFT,0.44835680751173707,0.0,0.0,0.0,0.0,0.2099651860543097,0
patchtst,MSFT,0.5516431924882629,0.5516431924882629,0.5220149332110509,-0.34498390132229106,0.2099651860543097,0.2099651860543097,426
tft,MSFT,0.5516431924882629,0.5516431924882629,0.5220149332110509,-0.34498390132229106,0.2099651860543097,0.2099651860543097,426
lgbm,AMZN,0.5140845070422535,0.513126491646778,0.14842025793235816,-0.2949681674651796,-0.006330768387804775,0.1415361952700287,419
lstm,AMZN,0.5117370892018779,0.5117370892018779,0.39600258534211563,-0.3087663843187602,0.1415361952700287,0.1415361952700287,426
tcn,AMZN,0.48826291079812206,0.0,0.0,0.0,0.0,0.1415361952700287,0
patchtst,AMZN,0.5117370892018779,0.5117370892018779,0.39600258534211563,-0.3087663843187602,0.1415361952700287,0.1415361952700287,426
tft,AMZN,0.5117370892018779,0.5117370892018779,0.39600258534211563,-0.3087663843187602,0.1415361952700287,0.1415361952700287,426
lgbm,NVDA,0.5774647887323944,0.5819477434679335,0.85419741484084,-0.359335129921866,0.6074346658614833,0.6900630928410387,421
lstm,NVDA,0.5845070422535211,0.5845070422535211,0.915250489580629,-0.359335129921866,0.6900630928410387,0.6900630928410387,426
tcn,NVDA,0.4154929577464789,0.0,0.0,0.0,0.0,0.6900630928410387,0
patchtst,NVDA,0.5845070422535211,0.5845070422535211,0.915250489580629,-0.359335129921866,0.6900630928410387,0.6900630928410387,426
tft,NVDA,0.5845070422535211,0.5845070422535211,0.915250489580629,-0.359335129921866,0.6900630928410387,0.6900630928410387,426
lgbm,META,0.47294117647058825,0.0,0.0,0.0,0.0,0.24873389019580072,0
lstm,META,0.5270588235294118,0.5270588235294118,0.523813922753983,-0.34150807540118694,0.24873389019580072,0.24873389019580072,425
tcn,META,0.47294117647058825,0.0,0.0,0.0,0.0,0.24873389019580072,0
patchtst,META,0.5270588235294118,0.5270588235294118,0.523813922753983,-0.34150807540118694,0.24873389019580072,0.24873389019580072,425
tft,META,0.5270588235294118,0.5270588235294118,0.523813922753983,-0.34150807540118694,0.24873389019580072,0.24873389019580072,425
lgbm,TSLA,0.5375586854460094,0.5652173913043478,0.9219504583151019,-0.23002710719979264,0.46071723411284293,-0.06290445382153464,46
lstm,TSLA,0.4765258215962441,0.4765258215962441,0.21354371139942413,-0.4819018262157127,-0.06290445382153464,-0.06290445382153464,426
tcn,TSLA,0.5234741784037559,0.0,0.0,0.0,0.0,-0.06290445382153464,0
patchtst,TSLA,0.4765258215962441,0.4765258215962441,0.21354371139942413,-0.4819018262157127,-0.06290445382153464,-0.06290445382153464,426
tft,TSLA,0.4765258215962441,0.4765258215962441,0.21354371139942413,-0.4819018262157127,-0.06290445382153464,-0.06290445382153464,426
